,tweet_id_str,date_time,location,tweet_text
0,1420505284691193866,2021-07-28 22:03:46,"Nairobi, Kenya","States that stockpile COVID-19 vaccines have committed to sharing their leftovers with low-income and middle-income countries. 
This is inexplicable since the efficacy of the vaccine will be low, the countries will be forced to dump again the vaccines.

@Telegraph #VaccineEquity https://t.co/Fxk4R6oy8Q"
1,1420500621787078661,2021-07-28 21:45:14,"Nairobi, Kenya",Samia Suluhu Rolls Out COVID-19 Vaccination Drive - https://t.co/KURG9Xeacr
2,1420491320544669702,2021-07-28 21:08:16,"Nairobi, Kenya","Covid-19 vaccine companies may have to prepare booster shots every year to handle new mutations. In fact, they have this in plan. 

Enzolytics $ENZC is the only company preparing a one time shot, not just for covid, but for all major viruses known to terrorise mankind."
3,1420489668555051012,2021-07-28 21:01:43,"Nairobi, Kenya","Why should COVID-19 vaccines expire in some countries while other poorer nations are suffering from ""vaccine inadequacy"" due to Vaccine Apartheid that is witnessed globally? Is it that hard to transport?
#VaccineEquity @Telegraph @angiyo58 @uche_blackstock https://t.co/r9bpibl0rG"
4,1420488617181523970,2021-07-28 20:57:32,"Nairobi, Kenya","Whenever i hear a country has destroyed COVID-19 Vaccines i rethink, I'm quite sure if it is an African country it cannot be caused by the notion of ""vaccine hesitancy"" we already suffer from ""vaccine  inadequacy"" so either the vaccine is about to expire or its efficacy is low. https://t.co/Ohka0inM8Z"
5,1420488296598228994,2021-07-28 20:56:15,"Nairobi, Kenya","Such COVID-19 Vaccine inequity is yet another example of how the interests of racial capitalism run roughshod over the golden rule of global solidarity‚Äîattend to the highest risk first.

#VaccineEquity"
6,1420474281088147457,2021-07-28 20:00:34,"Nairobi, Kenya","Yes, Vaccine Inequity is a liability to the progress of eradicating COVID-19.

#VaccineEquity https://t.co/ZbPt7bhjm3"
7,1420467844945518596,2021-07-28 19:34:59,"Nairobi, Kenya","Give Africa Greater access to buy #COVID19 vaccines.

@Lattif @nytimes @ONECampaign @daktari1 @Nanjala1
https://t.co/kMtMq2yWXD
#VaccineEquity #Covid_19"
8,1420461441761619969,2021-07-28 19:09:33,"Nairobi, Kenya","Vaccine Inequity is the current COVID-19 Apartheid that poorer countries are facing!

#VaccineEquity https://t.co/vPuSRKugxN"
9,1420457250750181379,2021-07-28 18:52:54,"Nairobi, Kenya","‚ÄòIt's safe' - President Samia tells Tanzanians as she gets covid vaccine  
https://t.co/yiNjr0Gopp"
10,1420447654811684875,2021-07-28 18:14:46,"Kisumu, Kenya","Kenya secures 817,000 doses of Oxford-AstraZeneca Covid-19 vaccine from the UK, in efforts to fight against the virus.
The vaccines will be shipped in the coming days. CS Kagwe said that the delivery of the vaccines will start in August. https://t.co/nh8TEVYL1z"
11,1420447106054111233,2021-07-28 18:12:35,"Nairobi, Kenya","Tanzania COVID-19 vaccination:

President Samia Suluhu first to be jabbed in nationwide vaccine rollout. Pres. Suluhu calls for adherence to COVID-19 containment measures.

Tanzania received over one million Johnson &amp; Johnson vaccine doses #JKLive https://t.co/8Zrefrdno7"
12,1420446827858567177,2021-07-28 18:11:29,"Nairobi, Kenya",Covid vaccine: Eight-week gap seen as sweet spot for Pfizer jab antibodies https://t.co/Nm15vieWWm
13,1420446592444813317,2021-07-28 18:10:32,"Nairobi, Kenya","Mixing COVID-19 vaccines:

Government to adopt the mixing of COVID-19 vaccines after study. Study found use of AstraZeneca &amp; Pfizer improved antibody response.

UK government announces donation of 817,000 AstraZeneca vaccines #JKLive https://t.co/TOePIkWuGB"
14,1420443164004036613,2021-07-28 17:56:55,"Nairobi, Kenya","Vaccines inequity is an impediment that is witnessed globally. As the scramble of COVID-19 vaccines continues.
#VaccineEquity

Global vaccine equity demands reparative justice ‚Äî not charity https://t.co/kT8PEJWVgV"
15,1420436974670950405,2021-07-28 17:32:19,"Kiambu, Kenya","The UK will be donating 817,000 COVID-19 vaccines to Kenya to support its vaccination programme.
#Covid_19 #CovidIsNotOver https://t.co/QVhYHHmHpj"
16,1420429025869172739,2021-07-28 17:00:44,Nairobi,Vaccine inequity is widening global recovery gap ‚Äî IMF: The economic gap between the rich and poor countries is worsening because of the ongoing uneven rollout of Covid-19 vaccines globally. In Worl.. https://t.co/GJkasbNC88 via @MaudhuiHouse
17,1420424761344249863,2021-07-28 16:43:47,"Nairobi, Kenya","A year after the late president John Magufuli declared Tanzania COVID-free, his successor Samia Suluhu Hassan launched a vaccination campaign. It's optional and many still believe wild conspiracy theories https://t.co/Fr3VkqZGeJ"
18,1420424632293855234,2021-07-28 16:43:17,Nairobi kenya,"I‚Äôll get the vaccine once they bring the original vaccine to Kenya. Sahii ni kama watu wanadungwa panadol imekorogwa kwa maji. My friend has COVID despite getting the vaccine, I don‚Äôt see people getting polio or measles anymore, why is COVID different?"
19,1420416046943678470,2021-07-28 16:09:10,"Nairobi, Kenya",Tanzania has officially started administration of Covid-19 vaccine .she hopes to vaccinate over 50% of her population by end year. .
20,1420413605330276359,2021-07-28 15:59:28,"Nairobi, Kenya","From Friday, New Yorkers will be paid $100 to get vaccinated against Covid-19. This is aimed at turning the tide on a slow down on vaccination.
nydaily news"
21,1420405361803239429,2021-07-28 15:26:42,Nairobi,"President Samia Hassan gets Covid-19 jab as Tanzania launches mass vaccination campaigns: Since taking over as president in March 2021, Suluhu has been focused on reversing most of the policies and gu.. https://t.co/UJnrSVFfPa via @parentsafrica"
22,1420403473703636994,2021-07-28 15:19:12,Nairobi ,"Tanzanian President Samia Suluhu Gets COVID-19 Jab,Kicks Off Vaccination Drive. @CrimeScribesKE 
https://t.co/UDqPsqwHj5"
23,1420402882709495808,2021-07-28 15:16:51,Nairobi Kenya,"The US will ship almost 10 million Covid vaccines to two of Africa‚Äôs most populous nations, with 5.6 million Pfizer doses going to South Africa and 4 million Moderna doses to Nigeria. The move comes as China raised its vaccine deliveries to Africa in July

Matako Juu Alice Wahome https://t.co/GQykcroSw7"
24,1420400515024924672,2021-07-28 15:07:27,"Nairobi,Kenya","Dar es Salaam ‚Äî President Samia Suluhu is expected to receive her first Covid-19 at the State House in Dar es Salaam.

#venustvnewskenya
#SamiaSuluhu
#Covid_19
#Vaccination
https://t.co/goB6Rk2AZY https://t.co/TKQehHpEOk"
25,1420398868907298818,2021-07-28 15:00:54,"Nairobi, Kenya",GOTTA  Samia Suluhu of Tanzania  for  Taking Covid-19 vaccine
26,1420394495665922052,2021-07-28 14:43:32,Nairobi,THIRD SHOT: Pfizer data suggests third dose of COVID-19 vaccine strongly boosts protection against Delta variant. https://t.co/bhyGKZbdwu
27,1420394306943307780,2021-07-28 14:42:47,"Nairobi, Kenya","Samia Suluhu takes the COVID-19 Jab. Urges Tanzanian citizens to follow suit. ION UK PM Boris Johnson pledges to donate 819,000 doses of Johnson and Johnson COVID-19 vaccine doses to Kenya. https://t.co/8Ickpsf9nD"
28,1420391055493636100,2021-07-28 14:29:51,Nairobi Kenya,"Kenya has secured 817,000 doses of Oxford-AstraZeneca Covid-19 vaccine in efforts to fight against the virus.

The announcement was made during President Uhuru Kenyatta‚Äôs trip to London where he met UK‚Äôs Prime Minister Boris Johnson. https://t.co/0Fo8pBdAx9"
29,1420385969694552072,2021-07-28 14:09:39,"Nairobi, Kenya","Uhuru secures 817,000 doses of Oxford-AstraZeneca from UK for Covid fight via: @SwalaNyetiKe 
 https://t.co/AlGjWAnpBt 
#KenyaUKSummit 
#KenyaUKRelations"
30,1420382783004979203,2021-07-28 13:56:59,"Nairobi, Kenya",If only there was a bit of truth about Covid vaccine increasing women's cup size..wengine tulikwamia small size but tuko tu sawa coz we're equally smallüòÜ https://t.co/fMzBZQtWx7
31,1420381941585563664,2021-07-28 13:53:38,"Muranga, Kenya",üòÇüòÇüòÇüòÇFast forward to 2025 and PFizer study shows that 35th dose of Covid is associated with immortality. Fuck these corps. https://t.co/nhy1ck4V7V
32,1420381353279987713,2021-07-28 13:51:18,"Nairobi, Kenya",Covid-19 Vaccination update: https://t.co/kw858Wx1YO
33,1420380790895022081,2021-07-28 13:49:04,"Nairobi, Kenya","Tanzania: President Samia Suluhu Hassan has today unveiled COVID-19 vaccination in the country. She was the first one to be vaccinated with the  Johnson and Johnson vaccine. 

#successafrika #africa #Tanzania #Covid_19 https://t.co/L9EMetEfNT"
34,1420378205500870657,2021-07-28 13:38:48,Nairobi,"Kenya secures 817,000 AstraZeneca vaccines from UK Govt: Kenya has secured 817,000 doses of Oxford-AstraZeneca Covid-19 vaccine in efforts to fight against the virus. https://t.co/KMjovnqZCC"
35,1420376925965594630,2021-07-28 13:33:43,"Migori, Kenya","My Father and Mother died UNDER ONE WEEK due to COVID-19, HAD BLOOD CLOT from AstraZeneca first dose https://t.co/m99K7Q3XLF"
36,1420376794142846977,2021-07-28 13:33:11,"Nairobi, KENYA","Uhuru secures 817,000 doses of Oxford-Astrazeneca from UK for Covid fight via @SwalaNyetiKe https://t.co/E4cntDh78s #KenyaUKSummit #KenyaUKRelations"
37,1420376010902720514,2021-07-28 13:30:04,"Nairobi, Kenya","Tanzania's President Samia Suluhu Hassan¬†received her dose of the single-shot Johnson &amp; Johnson COVID-19 vaccine on Wednesday, July 28 as the country kicked off a mass vaccination campaign.
@SuluhuSamia
 https://t.co/2z4FnfZR7O"
38,1420376001608048645,2021-07-28 13:30:02,Nairobi,"A rare silver lining to #COVID19 : ""BioNTech using COVID jab technology to develop effective malaria vaccine"" via @SkyNews https://t.co/koe7nkib09
#Malaria https://t.co/OePKAhAFN1"
39,1420375803381047298,2021-07-28 13:29:15,"Nairobi, Kenya","Tanzania's President Samia Suluhu Hassan receives the COVID-19 vaccine

Read more:https://t.co/LBiJ211x3d https://t.co/jc3VQ9sP7t"
40,1420375317844307972,2021-07-28 13:27:19,Nairobi,"‚ú¶ [ 50 Governors ] ‚óè News

Crossposted from /r/Coronavirus ‚óè 50 ‚¨Ü

COVID-19: UK to give Kenya more than 800,000 doses of Oxford-AstraZeneca coronavirus vaccine

https://t.co/7P4Ubb66va"
41,1420375045755621377,2021-07-28 13:26:14,"Nairobi, Kenya","Tanzania President Samia Suluhu Hassan has received Covid19 vaccine shot as the country rolls out its national vaccination campaign. It received one million doses of the J&amp; J vaccine.
#Suluhu https://t.co/qhd6kkdcVl"
42,1420373514620702721,2021-07-28 13:20:09,"Nairobi, Kenya",Kenya‚Äôs battle against Covid-19 is set for a boost with the expected arrival of more vaccine doses over the next few days. https://t.co/VbhdUSdFse
43,1420372824179499011,2021-07-28 13:17:25,"Nairobi, Kenya","Johnson &amp; Johnson Vaccine Protects Against Delta Variant, Company Reports https://t.co/d9BsPu0JrM"
44,1420372418384777220,2021-07-28 13:15:48,"Nairobi, Kenya",Study:Pfizer's third dose of coronavirus vaccine is associated with a five-fold increase in antibodies in those aged 18-55 and an eleven-fold increase in those aged 65-
45,1420370723428782080,2021-07-28 13:09:04,"Nairobi, Kenya","The US will ship almost 10 million Covid vaccines to two of Africa‚Äôs most populous nations, with 5.6 million Pfizer doses going to South Africa and 4 million Moderna doses to Nigeria. The move comes as China raised its vaccine deliveries to Africa in July. https://t.co/ZPruJSD8tU"
46,1420368449331634180,2021-07-28 13:00:02,NAIROBI,Tanzania Embarks On Covid Vaccination Drive https://t.co/WfG8BnCHeh https://t.co/dRHDEaKfO5
47,1420367463619854339,2021-07-28 12:56:07,"Nairobi, Kenya","Pfizer sells $7.8 billion in Covid shots in the second quarter, raises 2021 guidance on vaccine sales ‚Äì CNBC https://t.co/14iyEJlr0K https://t.co/IAOybte9yp"
48,1420361862978457606,2021-07-28 12:33:51,"Nairobi, Kenya","President Samia Suluhu has been given a Covid vaccine at the start of Tanzania's vaccination rollout. The move marks a break with her predecessor, John Magufuli, a prominent coronavirus sceptic.

@antoneosoul 
#NationFMDrive #NFM https://t.co/ZclpuPEsSg"
49,1420361164442198022,2021-07-28 12:31:05,"Nairobi, Kenya",The economic gap between the rich and poor countries is worsening because of the ongoing uneven rollout of Covid-19 vaccines globally   https://t.co/hcgT9GiwEW
50,1420357516484034560,2021-07-28 12:16:35,"Nairobi, Kenya","BioNTech is now auditing manufacturing sites and negotiating with potential partners in countries that have existing vaccine industries such as South Africa, Senegal, Egypt, Morocco and Tunisia. @daktari1  https://t.co/aTJHAVn3Tk"
51,1420356708149473281,2021-07-28 12:13:22,Nairobi,"Tanzanian President Samia Suluhu has been given a Covid vaccine jab at State House, Dar Es Salaam at the start of Tanzania's vaccination campaign roll-out. https://t.co/ajpQWrRV34"
52,1420356444298301442,2021-07-28 12:12:19,"Nairobi, Kenya","Kenya to receive 817,000 doses of Covid-19 vaccines from UK to boost the vaccination program, PM Boris Johnson announces. https://t.co/GnWA54rS4v"
53,1420356254233473025,2021-07-28 12:11:34,"Nairobi, Kenya","Kenya to receive 817,000 doses of Covid-19 vaccines from UK to boost the vaccination program, PM Boris Johnson announces. https://t.co/qHpFluQNma"
54,1420354536028377088,2021-07-28 12:04:44,"Nairobi, Kenya","More hope for Kenya as the U.K promises over 800,000 AstraZeneca COVID-19 vaccines.
 #KenyaUKSummit
https://t.co/amQYAkgFQa https://t.co/UHdeMUrDSt"
55,1420354161175040008,2021-07-28 12:03:15,"Nairobi, Kenya","Check out the research we conducted on #COVID19 vaccine acceptance and hesitancy in #LMICs.

The full paper can be found on @NatureMedicine through the link below. Shoutout to our very own Opeyemi Adeojo and Isaac Obara for working on this.

https://t.co/8Rrdcq85El"
56,1420354128048365572,2021-07-28 12:03:07,"Nairobi, Kenya","AstraZeneca‚Äôs Covid-19 vaccine doesn‚Äôt raise the risk of a rare blood clotting disorder after a second dose, new research in The Lancet says https://t.co/VqjT3saS5O via @technology"
57,1420351402325520387,2021-07-28 11:52:17,"Kajiado, Kenya","The first batch of the vaccine will arrive in the country by next week to help combat Covid-19
#KenyaUKSummit https://t.co/dd7Y3dg63b"
58,1420350283830468609,2021-07-28 11:47:51,"Nairobi, Kenya","President Samia gets vaccinated against Covid-19 as she launches vaccination drive
https://t.co/2o8Z3NiGdW‚Ä¶accination-drive/ 
@SuluhuSamia @TZMsemajiMkuu @WHO_Tanzania https://t.co/1B5cDko06d"
59,1420350243149778947,2021-07-28 11:47:41,"Nairobi, Kenya","Tanzania President Suluhu receives first Covid-19 jab as she launches vaccination drive
 https://t.co/0lf7i9Lo8H"
60,1420349591392858118,2021-07-28 11:45:06,"Nairobi, Kenya","Tanzanian President Samia Suluhu Rolls Out COVID-19 Vaccination Drive   |  #COVID19 #News 

Read More https://t.co/ClpbPWIzOU"
61,1420348670504062978,2021-07-28 11:41:26,"Nairobi, Kenya","UK to give Kenya more than 800,000 doses of Oxford-AstraZeneca coronavirus vaccine.

#KenyansTakeOnPresUhuru #RailaInMuranga #UKinTheUK #uk #MainaAndKingangi #Covid_19 #coronavirus #Astrazenaca 
https://t.co/KUpu88cWlC"
62,1420346422365413378,2021-07-28 11:32:30,"Nairobi, Kenya",Africa wants to produce a coronavirus vaccine ‚Äî and Big Pharma‚Äôs not happy https://t.co/Tkf9ua7Kaq
63,1420346421052678147,2021-07-28 11:32:30,"Nairobi, Kenya","Breaking: 
Tanzanian President Samia Suluhu has just received her first COVID-19 jab from Johnson &amp; Johnson.

She hopes to open the country for further vaccination campaigns

#riddlernews
#COVAX 
#johnsonandjohnson
#vaccination https://t.co/uJP6WgUSdC"
64,1420345090128629760,2021-07-28 11:27:12,Nairobi Kenya,"Tanzania‚Äôs President, Samia Suluhu Hassan, has received her Covid-19 dose of the single-shot Johnson &amp; Johnson vaccine as Tanzania begins a mass vaccination campaign.
https://t.co/ZgnfKxy2xf"
65,1420344565438066690,2021-07-28 11:25:07,"Nairobi, Kenya","The UK will be donating 817,000 COVID-19 vaccines to Kenya to support the country in  its vaccination programme. üëèüëè #KenyaUKRelations @MEsipisu @UKinKenya https://t.co/BvXlDIBC0V"
66,1420343620507471873,2021-07-28 11:21:22,"Nairobi, Kenya","U.K to donate over 800,000 AstraZeneca COVID-19 vaccines to Kenya in the coming days. https://t.co/7K4b68XhqI"
67,1420341846123941888,2021-07-28 11:14:19,"Nairobi, Kenya",Kenyans are going to receive a good number of AstraZeneca vaccine that‚Äôs going to be the best solution for covid 19 #KenyaUKSummit https://t.co/GVK54coY2N
68,1420341591722631173,2021-07-28 11:13:18,"Nairobi, Kenya","Delta variant, tight shelf life and communication inconsistencies complicate Kenya‚Äôs low COVID-19 vaccine roll-out; read this and more stories in our July-August 2021 Edition here &gt;&gt;&gt; https://t.co/mBXYPbbI4d
@MOH_Kenya @DrPatrickAmoth @DrMercyHealth @KEMRI_Kenya @StateHouseKenya https://t.co/Ee5dxxFmAR"
69,1420340321012129792,2021-07-28 11:08:15,"Nairobi, Kenya","Next week Kenya will receive 4000 dozes of first batch of 8000 dozes of COVID-19 Astrazeneca vaccine from the UK. 
#KenyaUKSummit https://t.co/ExALVOPg7s"
70,1420339190345211908,2021-07-28 11:03:46,"Nairobi, Kenya","Covid 19 coronavirus: Women are claiming 'boobs get bigger' after having Pfizer jab, via @nzherald https://t.co/q1OJyRiTFa"
71,1420339000531984386,2021-07-28 11:03:01,"Nairobi, Kenya","The UK government has given Kenya more than 800k doses of Oxford- AstraZeneca Covid-19 Vaccine. The first 400k doses to be sent next week.
#UKinTheUK https://t.co/GV7CNvhlen"
72,1420338589196505095,2021-07-28 11:01:22,"Nairobi, Kenyaüá∞üá™","TANZANIAN PRESIDENT Samia Suluhu publicly receives Johnson &amp; Johnson Covid-19 jab, officially launches vaccination in the country."
73,1420338589121011713,2021-07-28 11:01:22,Nairobi,"UK gives Kenya 800,000 doses of AstraZeneca vaccine to be delivered starting next week as Kenya stares at the theirs wave of covid 19
#KenyaUKSummit https://t.co/3eqMdT6IEd"
74,1420338173939494916,2021-07-28 10:59:43,Nairobi ,"TANZANIAN PRESIDENT Samia Suluhu publicly receives Johnson &amp; Johnson Covid-19 jab, officially launches vaccination in the country. https://t.co/igcgzbpJp6"
75,1420338118918606850,2021-07-28 10:59:30,"Nairobi, Kenya","More GOODIES from the the land of the QUEEN, the United Kingdom...
800,000 of OXFORD-ASTRAZENECA covid vaccine.. Half of it, 400k to be sent NEXT WEEK!üëçüá∞üá™üá¨üáß
#KenyaUKSummit https://t.co/KrGiMvP1Vd"
76,1420337272680030209,2021-07-28 10:56:09,"Nairobi, Kenya","The United Kingdom will give Kenya more than 800,000 uses of Oxford AstraZeneca covid-19 vaccine.
#KenyaUKSummit https://t.co/8TYVRF4gbN"
77,1420336916717875200,2021-07-28 10:54:44,"Nairobi, Kenya","Kenya to receive 817,000 doses of Covid-19 vaccines from UK to boost the vaccination program, PM Boris Johnson announces https://t.co/mtyzML0zDF"
78,1420336721586270210,2021-07-28 10:53:57,"Nairobi, Kenya","Kenya to receive 817,000 doses of Covid-19 vaccines from UK to boost the vaccination program, PM Boris Johnson announces. https://t.co/oVRicfT6rI"
79,1420336348695777280,2021-07-28 10:52:28,Kiambu,"In some good heart warming news UK has donated to Kenya 800,000 doses of @ASTRAZENECAUK Covid-19 Vaccine; first consignment of 400,000 doses to arrive in the country next week. #KenyaUKSummit https://t.co/XXdf774PtQ"
80,1420336050795425801,2021-07-28 10:51:17,"Nairobi, Kenya","The UK will be donating 817,000 COVID-19 vaccines to Kenya to support its vaccination programme. These will be shipped to üá∞üá™ in the coming days, and will help save lives. 

#KenyaUKSummit https://t.co/QeDY4UkR5P"
81,1420335735274676224,2021-07-28 10:50:02,"Kajiado, Kenya","The summit has led to kenya getting a 800,000 doses of Covid-19 vaccine and the first batch will strt tickling into the country next week..
#KenyaUKSummit https://t.co/DvPKOn8sgP"
82,1420335689049194501,2021-07-28 10:49:51,"Nairobi, Kenya","BREAKING: The United Kingdom (UK) has given Kenya 800,000 doses of AstraZeneca Covid-19 Vaccine; first consignment of 400,000 doses to arrive in the country next week.

#KenyaUKSummit #UKinTheUK https://t.co/9pK7dA5CWH"
83,1420335534308745217,2021-07-28 10:49:14,"Nairobi, Kenya","#UK Government to donate 817,000 doses of #Covid_19 vaccine to #Kenya; says scientists from both nations to work together in #AstraZeneca vaccine trials. https://t.co/DEv93N34qE"
84,1420335197338406912,2021-07-28 10:47:54,"Nairobi, Kenya","UK Government to donate 817,000 doses of Covid-19 vaccine to Kenya;

The scientists from both nations to work together in AstraZeneca vaccine trials. #KenyaUKSummit https://t.co/hTGmqclMIp"
85,1420334599448801281,2021-07-28 10:45:31,"Nairobi, Kenya","UK Government to donate 817,000 doses of Covid-19 vaccine to Kenya; says scientists from both nations to work together in AstraZeneca vaccine trials. https://t.co/6p2OIdWjae https://t.co/miqo334zCp"
86,1420334369290571780,2021-07-28 10:44:36,"Nairobi, Kenya","UK Government to donate 817,000 doses of Covid-19 vaccine to Kenya; says scientists from both nations to work together in AstraZeneca vaccine trials. https://t.co/MXARNqMN8E"
87,1420333913680105473,2021-07-28 10:42:48,Nairobi,"The #KenyaUKSummit has seen Kenya receive over 800,000 doses of Astrazeneca covid 19 jab. Of this package the first set of 400,000 units arrives in the country next week. https://t.co/Ed9BjP3sHx"
88,1420333807694225410,2021-07-28 10:42:22,"Nairobi, Kenya","Tanzania‚Äôs Samia Suluhu has been vaccinated against Covid-19 at State House, Dar es Salaam. The President says she decided to take the jab as a way of leading from the front. Tanzania is currently scaling up the roll out of Covid-19 vaccine program. https://t.co/Jg0Nf9sanS"
89,1420333419372941314,2021-07-28 10:40:50,Nairobi,Israel to become first in world to test Oravax oral COVID-19 vaccine https://t.co/G3iLLplY9M
90,1420332048477302789,2021-07-28 10:35:23,Nairobi Kenya,‚ÄòAm I just hallucinating?‚Äô: Women reporting unexpected side effect of Pfizer COVID-19 vaccine as breasts and lymph nodes swell   https://t.co/GYfHW3QdLv
91,1420330779960352791,2021-07-28 10:30:21,Juja,"UK to give Kenya more than 800k doses of Oxford- AstraZeneca Covid-19 Vaccine. The first 400k doses to be sent next week.
#KenyaUKSummit https://t.co/uUnOpoAqrL"
92,1420329396976631811,2021-07-28 10:24:51,"Nairobi, Kenya","The UK will be donating 817,000 COVID-19 vaccines to Kenya to support its vaccination programme. These will be shipped to Flag of Kenya in the coming days, and will help save lives. https://t.co/Gwo95G4Jq9"
93,1420328617926664193,2021-07-28 10:21:45,"Kajiado, Kenya","The UK has promised to fight terrorism through a security deal with kenya and also promised to help kenya combat Covid-19 virus by pledging to offer 800,000 doses of a Covid-19 vaccine #KenyaUKSummit https://t.co/rRYm8vM0qz"
94,1420328494408536064,2021-07-28 10:21:16,Eastern Africa,Covid-19 vaccination or negative test required at Stamford Bridge and Kingsmeadow https://t.co/FYn6aJzY0k via @ChelseaFC
95,1420328435260530692,2021-07-28 10:21:02,"Nairobi, Kenya","Great news UK will offer 817,000 COVID-19 vaccine doses to Kenya as part of a delivery of 9 million Oxford-AstraZeneca shots it is providing to help the world tackle the pandemic
#KenyaUKSummit https://t.co/GQ6oE9OtWE"
96,1420327511045689348,2021-07-28 10:17:21,"Migori, Kenya","""TANZANIAN PRESIDENT Samia Suluhu publicly receives Johnson &amp; Johnson Covid-19 jab, officially launches vaccination in the country. https://t.co/2LUkJH7RtV"" #fb"
97,1420326918348578818,2021-07-28 10:15:00,Nairobi,"the pandemic is gearing up for breeding vaccine-resistant ‚Äòsupervariants‚Äô, a phenomenon that is at risk of fueling an even larger wave of morbidity, hospitalization and, unfortunately, also death, not at least in the vaccinated part of the population. 
https://t.co/olXqeInXrS https://t.co/YdcK7pVDGV"
98,1420326803974115328,2021-07-28 10:14:33,"Nairobi, Kenya","JUST IN:  The UK will be donating 817,000 COVID-19 vaccines to Kenya to support its vaccination programme.

 The vaccines will be shipped to kenya in the coming days, and will help save lives. #KenyaUKSummit https://t.co/LHGPLuV6UX"
99,1420326080154537988,2021-07-28 10:11:40,"Nairobi, Kenya",World Hepatitis Day 2021: Can Hepatitis patients opt for coronavirus vaccination https://t.co/h8V03LgXQW https://t.co/9oV6tcTv7p
100,1420325895978590208,2021-07-28 10:10:56,Nairobi Kenya,"Breaking News.

 United Kingdom gives Kenya  800K doses of AstraZeneca Covid-19 Vaccine. The first consignment of 400,000 doses to arrive in the country next week.
#KenyaUKSummit https://t.co/JDqMt7PUzz"
101,1420325553010262018,2021-07-28 10:09:34,"Nairobi, Kenya","Big news ahead of üá∞üá™ President Kenyatta and üá¨üáß PM @BorisJohnson meeting later! 

The UK will be donating 817,000 COVID-19 vaccines to Kenya to support its vaccination programme. These will be shipped to üá∞üá™ in the coming days, and will help save lives. 

üíâ üíâ üíâ https://t.co/qGeKyqItEW"
102,1420325407786627079,2021-07-28 10:09:00,Nairobi,"Today the relative viral loads in the Delta variant infections are 1260 times higher than the 19A/19B strains infections COVID-19
https://t.co/Fap07ecWXy

pandemic is gearing up for breeding vaccine-resistant ‚Äòsupervariants‚Äô @GVDBossche 
https://t.co/olXqeIFyjq"
103,1420325386534129667,2021-07-28 10:08:55,"Nairobi, Kenya",Tanzania President Mama Samia Hassan Suluhu gets Johnson &amp; Johnson Covid jab as Tanzania rolls out the vaccine campaign. https://t.co/QgOAT1SqGf
104,1420324803236540417,2021-07-28 10:06:36,"Nairobi, Kenya","This inequity of Covid-19 vaccine amongst nations globally has led to the creation of a partial social class which divides nations according to their response to this virus! 
Driven by CAPITALISM and NEOCOLONIALISM!

This is true! 
#VaccineEquity @ONECampaign https://t.co/EyrGL4N6n2"
105,1420324149948338176,2021-07-28 10:04:00,Nairobi,"There can be no doubt that, at this stage, the pandemic is gearing up for breeding vaccine-resistant ‚Äòsupervariants‚Äô @GVDBossche 
https://t.co/olXqeIFyjq

28-MAR-2021  we are seeing a sustained acceleration in mutant viruses. COVID-19
https://t.co/A5BSNrWeNe"
106,1420323954200305666,2021-07-28 10:03:13,Nairobi,"UK to give Kenya more than 800k doses of Oxford- AstraZeneca Covid-19 Vaccine. The first 400k doses to be sent next week.

This will boost Kenya‚Äôs fight against the virus. GoK is already in the process of importing over 13 million doses of J&amp;J from next month. 
#KenyaUKSummit"
107,1420323632807510018,2021-07-28 10:01:57,"Nairobi, Kenya","Covid-19: Eight-week gap between Pfizer‚Äôs first and second vaccine shot boosts immunity ‚Äì UK study
 https://t.co/F231cNkOCI"
108,1420322336469880834,2021-07-28 09:56:47,Nairobi,"BREAKING: President Uhuru Kenyatta secures 817,000 doses of Oxford-AstraZeneca Covid-19 vaccine in trip to London, UK government  announces. 400,000 units to be delivered next week and the balance within the very shortest time. 
#KenyaUKSummit https://t.co/uaYDrUO5rm"
109,1420321884491579392,2021-07-28 09:55:00,Nairobi,"mass vaccination campaigns should not be conducted during a pandemic of a highly mutable virus, let alone during a pandemic of more infectious variants (unless transmission-blocking vaccines are used!). @GVDBossche 
https://t.co/olXqeIFyjq
https://t.co/p2U0M6WIi9 COVID-19"
110,1420321785980104725,2021-07-28 09:54:36,"Nairobi, KENYA","JUST IN: Uhuru secures 817,000 doses of Oxford-AstraZeneca Covid-19 vaccine in trip to London, UK government  announces. #KenyaUKSummit #KenyaUKRelations https://t.co/jfdQ0GqMoL"
111,1420321520614772736,2021-07-28 09:53:33,"Nairobi, Kenya","#TANZANIA: The president Samia Suluhu Hassan publicly takes Johnson and Johnson #COVID_19jab, and officially launches vaccination in the country. https://t.co/xG0qc2jAVc"
112,1420320626254958598,2021-07-28 09:50:00,Nairobi,"Taken together, mass vaccination conducted on a background of high infectivity rates enables more infectious, increasingly VI-escaping variants to expand in prevalence. in the vaccinated part of the population. @GVDBossche 
https://t.co/olXqeInXrS https://t.co/p2U0M7ejGJ COVID-19"
113,1420319367812685826,2021-07-28 09:45:00,Nairobi,"On the other hand, mass vaccination promotes natural selection of increasingly vaccine immunity (VI)-escaping variants in the vaccinated part of the population. @GVDBossche 
https://t.co/olXqeIFyjq
https://t.co/p2U0M6WIi9 COVID-19"
114,1420318622342426624,2021-07-28 09:42:02,"Nairobi, Kenya.",PRESIDENT Suluhu launches nationwide COVID-19 vaccination campaign in Tanzania with 1mn doses; orders more J&amp;J vaccines. https://t.co/oEiba131Ne
115,1420318110637338624,2021-07-28 09:40:00,Kenya,"Tanzanian President Samia Suluhu, receive her first Covid-19 vaccine jab. 
üì∏: @MwananchiNews https://t.co/jNkivZ2Xxx"
116,1420317287618338818,2021-07-28 09:36:44,"Nairobi, Kenya","JUST IN: Tanzanian President Samia Suluhu, other top government officials receive their first Covid-19 vaccine jab. https://t.co/fU39IXlTlT"
117,1420316996726661120,2021-07-28 09:35:34,Nairobi,"TANZANIAN PRESIDENT Samia Suluhu publicly receives Johnson &amp; Johnson Covid-19 jab, officially launches vaccination in the country. https://t.co/BZisBhOOad"
118,1420316851658133507,2021-07-28 09:35:00,Nairobi,"A last word of caution to all those pretending the Covid-19 pandemic is toning down @GVDBossche 
https://t.co/olXqeIFyjq

And the belief in Vaccine Efficacy is now bumping at euphoric levels. 
https://t.co/nMdYTt2jWz"
119,1420315557455400963,2021-07-28 09:29:51,"Nairobi, Kenya",President Samia Suluhu has been given a Covid-19 vaccine at the start of Tanzania's vaccination rollout. https://t.co/PbXUcsMWDV https://t.co/Mhk4gRbJDX
120,1420314975730601985,2021-07-28 09:27:33,"Nairobi, Kenya",Took my 6th covid-19 vaccine dose today at Nairobi Hospitalüò°üò† https://t.co/PSiNbNT3W4
121,1420314825876516868,2021-07-28 09:26:57,"Kisumu, Kenya","Catholic Archdiocese of Dar-es-Salaam Archbishop Jude Thaddaeus Ruwa'ichi receives vaccine for covid-19 Wednesday July 28, 2021. Tanzania's president, Samia Suluhu Hassan was the first to receive. TZ was 1 of the 4 African countries that was not interested in vaccine. https://t.co/C4CPiy3PqZ"
122,1420312943095435266,2021-07-28 09:19:28,"Nairobi, Kenya",Tanzanian President @SuluhuSamia has received her first jab of the Covid-19 vaccine after the country received 1 million doses of Johnson and Johnson vaccines from the US government over the weekend. https://t.co/XbHEjmHQWj
123,1420310475959672837,2021-07-28 09:09:40,"Nairobi, Kenya","Vaccination is key to our safety and the safety of others. If you've been vaccinated against #COVID19, it is still important to follow health guidelines such as wearing masks, maintaining social distance, and hand washing. https://t.co/EEHqb4orup"
124,1420308557061398529,2021-07-28 09:02:02,Nairobi.,Tanzanian President Samia Suluhu receives her first jab of the Covid-19 vaccine; the country has received 1 million doses of the Johnson &amp; Johnson COVID-19 vaccines donated by the US gov't.
125,1420307598641934338,2021-07-28 08:58:14,"Nairobi, Kenya","Tanzania‚Äôs Samia Suluhu has been vaccinated against Covid-19 at State House, Dar es Salaam. The President says she decided to take the jab as a way of leading from the front. Tanzania is currently scaling up the rollout of Covid-19 vaccine program."
126,1420307301517471747,2021-07-28 08:57:03,Nairobi,#Tanzania has started a nationwide vaccination campaign with Pres @SuluhuSamia getting her jab at S/House in D/Salaam. Pres Samia has shifted away from the policy of her predecessor Pres.Magufuli who was a #COVID19 denier who promoted herbal remedies &amp; steam inhalation https://t.co/eUYmAD3xiL
127,1420306642655121412,2021-07-28 08:54:26,"Nairobi, Kenya","TANZANIAN President @SuluhuSamia vaccinated against #COVID19
 
The country has also launched a vaccination drive, a departure from late President John Magufuli's Corona denialism. 

Burundi and Eritrea are the only countries yet to start vaccinating their citizens. #TV47News https://t.co/f0IXXhNf6O"
128,1420305421022154756,2021-07-28 08:49:35,"Nairobi, Kenya",#Tanzania President @SuluhuSamia  receives #Covid19 jab as nationwide vaccination drive kicks off; the country has received over 1m doses of J&amp;J vaccine from USA. https://t.co/DEv93N34qE
129,1420303793628094465,2021-07-28 08:43:07,"Nairobi, Kenya",Tanzania President Samia Suluhu receives Covid-19 jab as nationwide vaccination drive kicks off; the country has received over 1m doses of J&amp;J vaccine from USA.
130,1420301841951338496,2021-07-28 08:35:21,"Nairobi, Kenya",PRESIDENT Suluhu launches nationwide COVID-19 vaccination campaign in Tanzania with 1mn doses; orders more J&amp;J vaccines.
131,1420296449351376899,2021-07-28 08:13:56,"Nairobi, Kenya","Tanzanian President Samia Suluhu Hassan to get #COVID19 jab on Wednesday as she launches vaccination drive. Tanzania received 1,058,400 doses of the Johnson &amp; Johnson manufactured #vaccine from the US on Saturday. https://t.co/mWczeK7g4h"
132,1420295461605453824,2021-07-28 08:10:00,"Kisii, Kenya","Understanding COVID 19 myths, origin, cause, symptoms, vaccine, thank you coronavirus helpers https://t.co/NW3Cs4oNC8 #Buzzfeed @JamesOngwae @MillicentOmanga @dan_omanga @okonu_enock @iam_Shourtie @SimbaArati @VictorMochere @chrisembaramba @EchateKenya"
133,1420295158365671439,2021-07-28 08:08:48,"Nairobi, Kenya","Have you received your Covid-19 vaccine? What side effects did you experience with the first dose and second dose?

#wellness #covid #covid_19 #vaccine #covidvaccine #health #wednesday #COVID19 #CovidVaccine https://t.co/9d746nIiUD"
134,1420290811565068288,2021-07-28 07:51:31,"Nairobi, Kenya","Please observe all protective protocols as before, even after your Covid vaccination."
135,1420290237742395395,2021-07-28 07:49:15,Nairobi,#Tanzania president @SuluhuSamia set to get her Covid-19 Johnson &amp; Johnson vaccine very shortly. TZ has received about 1 million doses from the US as part of the WHO COVAX initiative . Significant change of policy from her predecessor Late John Magufuli's denialism..
136,1420280941373702144,2021-07-28 07:12:18,"Nairobi, Kenya",Cisco SD-Access May Just Be the Vaccine You Need to Combat the Digital Pandemic https://t.co/yqQsg048zm https://t.co/ctfST4oRDI
137,1420275493920813058,2021-07-28 06:50:39,"Nairobi, Kenya",COVID-19 Vaccine Apartheid is the new INEQUITY! https://t.co/GYcPI20WNk
138,1420249090202476545,2021-07-28 05:05:44,"Nakuru, Kenya","#VaccineEquity

The Global South is just a spectator in this rush for 100% vaccination in the developed world.

#Olympics 
#Covid_19 https://t.co/ixsWDFllYZ"
139,1420244367613255681,2021-07-28 04:46:58,"Nairobi, Kenya","Covid 19 coronavirus: Women are claiming 'boobs get bigger' after having Pfizer jab, via @nzherald https://t.co/0cyIKVezhS #Covid_19"
140,1420243910362865666,2021-07-28 04:45:09,"Nairobi, Kenya","Kenya is steadily building its wall of immunity against #COVID19.

The secret to #BuildBackBetter is getting your #COVID19Vaccination &amp; ensuring collective communal compliance with .@MOH_Kenya #Covid19 guidelines.

Remember to follow the guidelines even after your vaccination. https://t.co/TSJJLq4vdV"
141,1420228794535841794,2021-07-28 03:45:05,"Nairobi, Kenya",Tanzania to begin Covid vaccination drive Wednesday - https://t.co/1nx7B5kWl5 https://t.co/9FlgY36yLQ
142,1420221870666825729,2021-07-28 03:17:35,Nairobi,"Europe shows U.S what may be next in COVID fight | Fortune ‚ÄúWhat is your freedom worth if you say you don't want to get vaccinated, but if tomorrow you infect your father, your mother or me?‚ÄùThat is not freedom, that is irresponsibility and selfishness.

 https://t.co/yXosbD6ebU"
143,1420212009891729411,2021-07-28 02:38:24,NAIROBI,"Two years down the Covid line, the only strategies our government has learned and mastered are announcing numbers and locking/unclocking the country. Not vaccination. As we speak only 2% of the citizenry has been vaccinated. Should we cry, weep or both?"
144,1420130355961552896,2021-07-27 21:13:56,Nairobi,"‚ú¶ [ #Newsnight ]

Covid 19 vaccines(Astrazeneca or Janssen)

https://t.co/qXUzPXB1gE"
145,1420102659114213379,2021-07-27 19:23:52,"Nairobi, Kenya",Get ur Covid-19 vaccination  pls. I  got mine today. Thanks ‚Å¶@mutongoitvke‚Å© ‚Å¶@WiperMovement‚Å© ‚Å¶@skmusyoka‚Å© https://t.co/ZuMJ2R9h6N
146,1420069325914914825,2021-07-27 17:11:25,Nairobi,"COVAX, World Bank in financing deal to speed up jabs access in poor countries: The UN-backed vaccine sharing platform COVAX and the World Bank have agreed to accelerate COVID-19 dose supply for roughl.. https://t.co/QRhGhFCzOy via @MaudhuiHouse"
147,1420061652129562628,2021-07-27 16:40:55,"Kisumu, Kenya","Restrictions and lockdowns alone won't work!Resource the vaccination prog! KEMRI, tell us the proportion of our populace that is Covid-19 Antibody positive whether from vaccine or infection!How herd immune are we? Or its still home by 7pm like chicken?

https://t.co/5EaLfhjc6F"
148,1420044849240231941,2021-07-27 15:34:09,"Nairobi, Kenya",Samia to get Covid jab Wednesday as she launches vaccination drive - https://t.co/HzYLwJAq9Q https://t.co/xV6iqSijep
149,1420025128629461006,2021-07-27 14:15:48,"Nairobi,Kenya","A 3rd Covid shot will be needed for those who are have already received two shots,that is according to pfizer and astrazeneca."
150,1420023784111738882,2021-07-27 14:10:27,"Nairobi,Kenya",Double-vaccinated Kitui Governor Charity Ngilu contracted Covid and is now admitted at Nairobi Hospital...the vaccine is effective indeed
151,1420021215293476870,2021-07-27 14:00:15,"Nairobi, Kenya",Mixed AstraZeneca-Pfizer shot boosts COVID antibody level ‚Äì study https://t.co/HMlgrq7n0J https://t.co/ElV5MJ099k
152,1420014039959224325,2021-07-27 13:31:44,"Nairobi,Kenya","More than 200,000 tutors are yet to be fully vaccinated against Covid-19 as schools reopen for term one.

#venustvnewskenya
#COVID19
#vaccination
#Schoolsreopen
https://t.co/goB6Rk2AZY https://t.co/6c2HcKR113"
153,1420012344932016133,2021-07-27 13:25:00,Nairobi,"Tanzania to begin Covid vaccination drive Wednesday: Dar es Salaam (AFP), Jul 27 - Tanzania's health ministry said it will begin a mass vaccination drive on Wednesday, in a reversal of the policies of.. https://t.co/elYDYgj91q"
154,1420000190438780928,2021-07-27 12:36:42,"Nairobi, Kenya","Tanzania‚Äôs health ministry said it will begin a mass vaccination drive, in a reversal of the policies of the country‚Äôs late Covid-sceptic leader. 

https://t.co/eO0Swk5aYq"
155,1419999346725113856,2021-07-27 12:33:21,"Mukurweini & Karatina, Nyeri","Isn‚Äôt it treasonous if a government doesn‚Äôt import vaccines, doesn‚Äôt allow private entities to import a vaccine and continually gives false information on Covid statistics (by not testing) especially on this latest wave?"
156,1419997268208455711,2021-07-27 12:25:05,"Nairobi , Kenya ","It doesn‚Äôt matter the #variants just #mask and #socialdistance  plus #vaccination when availableüôè. 
It is now clear that this pandemic is driven by behavior/ personal decisions. 
Be informed . 
Be wise . 
Be safe ."
157,1419985691803586564,2021-07-27 11:39:05,"Nairobi, Kenya",A longer gap between first and second doses of the Pfizer-BioNTech Covid vaccine makes the body‚Äôs immune system produce more infection-fighting antibodies - researchers  https://t.co/Nm15vieWWm
158,1419982928864501770,2021-07-27 11:28:06,Nairobi,"Dr David Ho...""look at how quickly we came up with a Covid vaccine but forty years later we are still yet to get a vaccine for HIV"" @IAS2021"
159,1419980255931076608,2021-07-27 11:17:29,"Nairobi, Kenya",#Breakingkenanews      Suluhu to get Covid jab Wednesday as she launches vaccination drive https://t.co/bJ09XbE6Vg
160,1419979988841992192,2021-07-27 11:16:25,"Nairobi, Kenya","Tanzanians are in safe hands now. covid19 pandemic  or any other pandemic does not care about sovereignty.  Asanti @SuluhuSamia

For Embracing vaccination towards protecting all our people from this deadly virus. #IHR2005 https://t.co/VlcXhThU57"
161,1419975993729720334,2021-07-27 11:00:33,Nairobi,Suluhu to get Covid jab Wednesday as she launches vaccination drive https://t.co/B9p0a4AtOr https://t.co/xLYoIFgnEb
162,1419975328131424270,2021-07-27 10:57:54,"Nairobi, Kenya",What Happens When Vaccinated People Get COVID-19?  https://t.co/B6YAZS6OY6
163,1419968594746748930,2021-07-27 10:31:09,Nairobi Kenya,Tanzania to begin Covid vaccination drive Wednesday: Health Ministry.
164,1419957221308383250,2021-07-27 09:45:57,"Nairobi, Kenya","UNVACCINATED TEACHERS
The Teachers Service Commission has confirmed that at least 27.1% of teachers have received the two jabs of AstraZeneca Oxford Vaccine. In equivalent, nearly 330,000 teachers have not been vaccinated against Covid-19. https://t.co/kqAm40FAfv https://t.co/FGu84uMZqY"
165,1419957036872253449,2021-07-27 09:45:13,"Nairobi, Kenya","Tanzania Kicks Off Covid Vaccination With The President Taking Her First Shot

https://t.co/ADUIv4Gaji"
166,1419948920923373580,2021-07-27 09:12:58,"Nairobi, Kenya",There's no solid evidence COVID-19 vaccines cause menstrual cycle changes. That doesn't mean ... - https://t.co/vUjqJfEh9f #menstruationmatters #pathtowomanhood
167,1419948651997184023,2021-07-27 09:11:54,"Nairobi, Kenya",VERIFY: Is the COVID-19 shot causing menstrual cycle changes? - https://t.co/NOe4Dzgm6t #menstruationmatters #pathtowomamhood
168,1419948542886612994,2021-07-27 09:11:28,"Nairobi, Kenya","Menstrual changes to be expected after COVID-19 vaccine, during pandemic: experts - https://t.co/Env8BIWJgi #menstruationmatters #pathtowomamhood"
169,1419928637525139457,2021-07-27 07:52:22,"Nairobi, Kenya",CAS @MOH_Kenya @DrMercyHealth #NCDs notes that #NCDs reduces household income by 26% as she launches the national #NCD strategy. People living with NCDs have been prioritized in the next cycle of #Covid_19 vaccination @LilianMbau @NCDAK @ncdalliance https://t.co/cfsYlbIJSL
170,1419922530429808641,2021-07-27 07:28:06,"Nairobi, Kenya","Tanzanian Minister of Health Doroth Gwajima said @SuluhuSamia‚Äôs gov't plans to vaccinate 60% of all Tanzanians.

Gwajima noted that the launch of the vaccination exercise sets a precedent for the nation in advancing the fight against COVID-19. #tukonews 
https://t.co/tmKhwyqCWI"
171,1419915782914514957,2021-07-27 07:01:18,"Nairobi, Kenya",Please I will request MOH to give you my dose of covid 19 vaccine. https://t.co/ID0CybUkwR
172,1419912483880554513,2021-07-27 06:48:11,"Nairobi, Kenya","COVID-19 VACCINATION UPDATE 
2nd dose vaccine will be issued on Tuesday 27th July &amp; Wednesday 28th July 2021 for those who received their first dose 8 weeks ago or more.

Doctors Plaza car Park, Main Hospital. 

STRICTLY BY APPOINTMENT. Booking via https://t.co/XupVMk8GLV https://t.co/278Nv9wghC"
173,1419911685582868490,2021-07-27 06:45:01,"Nairobi, Kenya","You can be vaccinated against Covid-19, later get infected.
This week on the Health series will be answering ;
1:Why does such occasions happen 
2:How does it happen?
3; Then what's the importance of vaccination?
Info will be updated on the site https://t.co/1exdxnc6sZ on Friday https://t.co/ZLLrMZlELD"
174,1419908633618534417,2021-07-27 06:32:53,"Nairobi, Kenya","Oil¬†prices were steady on Tuesday with investors betting tight supply and rising vaccination rates will help offset any impact on demand due to surging COVID-19 cases worldwide.
https://t.co/8HnyMKC1ws"
175,1419907290279432203,2021-07-27 06:27:33,"Nairobi, Kenya",Pfizer Astra-Zeneca Jab Mix Effective Against COVID-19. https://t.co/1R6NsVceTk #vaccine https://t.co/vf19cRUZx6
176,1419902649118253059,2021-07-27 06:09:06,"Nairobi, Kenya",Moderna may expand pediatric COVID-19 vaccine trial https://t.co/JZEI027PVu https://t.co/QZD2YlT1kU
177,1419901615407046656,2021-07-27 06:05:00,"Nairobi, Kenya","Lessons for #Somalia: Integrating climate considerations into vaccine readiness assessments &amp; deployment planning is a critical first step &amp; should cover cold chains‚Äô exposure to climate-related hazards. 
@UNinSomalia
@MoH_Somalia
@WHOSom
@unicefsomalia
https://t.co/XlAGfCVwZe https://t.co/tfcpWlvlA8"
178,1419899814758830086,2021-07-27 05:57:50,"Nairobi, Kenya","Mixed AstraZeneca-Pfizer shot boosts COVID antibody level ‚Äì study

https://t.co/LlvWUvMnnp"
179,1419894449660907520,2021-07-27 05:36:31,üá∞üá™,.‚Å¶@WHO‚Å© : ‚ÄúA high price per COVID-19 vaccine dose relative to other vaccines and delivery costs could put a huge strain on fragile health systems and undermine routine immunization and essential health services.‚Äù https://t.co/EnhOp3axks
180,1419887490736009229,2021-07-27 05:08:52,Nairobi City,"While developed countries are having excess COVID vaccines and is begging and bribing their citizens to get vaccinated,the global south has acute shortages and the citizens are begging and bribing to get it.
STOP VACCINE APARTHEID NOW!!
@kmpdu @Davji @peoplesvaccine"
181,1419886508790722590,2021-07-27 05:04:58,"Nairobi, Kenya","Increasing numbers of young people with #COVID19 are being admitted to hospitals, including to ICU; doctors have said, begging them not to ‚Äúsuffer unnecessarily‚Äù &amp; to get the vaccine. Via the @guardian: https://t.co/uu0DxoT6fv @MOH_Kenya @YEDNetworkKe @CHReaDKenya @EAC_Dialogue"
182,1419882992936357889,2021-07-27 04:51:00,NAIROBI,It seems the clinical trials of #Covid19 vaccine didn't make conclusive evidence that vaccine can withstand more lethal variants. Israel has virtually its entire population vaccinated but variant has resurged exponentially. Maybe less severe @YatichN
183,1419783478246219785,2021-07-26 22:15:34,"Nairobi, Kenya",A jab in the comfort of home and other ways Alberta‚Äôs COVID-19 vaccine hesitant are being convinced https://t.co/lbHL5eW3sg https://t.co/9eNsAH0xeF
184,1419768636877774853,2021-07-26 21:16:35,Nairobi,"Global Health Diplomacy: ""a self-interested argument for America to play the leading role, too: An international vaccine program is an investment in the U.S. economy, an act of national security and a good bet on individual good health"". https://t.co/0d856JHROS"
185,1419756352642199560,2021-07-26 20:27:46,"Nairobi, Kenya","Natural Immunity to COVID vs Vaccine Immunity https://t.co/UCmmXZqWGF via @YouTube  This is a conversation worth having, and continuing to follow as we gain a better understanding of this disease and our bodies ability to fight back."
186,1419754074887630849,2021-07-26 20:18:43,"Nairobi, Kenya","254 FRONT PAGES | Saturday, July 24, 2021

@NationAfrica | Court gives nod to postpone election

@StandardKenya | Kinoti under fire

@Taifa_Leo | MAAFISA WALISHA RAIA SUMU

@The_EastAfrican | China, US spar in Africa over Covid vaccine

#NewsStand254 https://t.co/UZKAOfvy8C"
187,1419730508079054853,2021-07-26 18:45:05,"Nairobi, Kenya","#VaccineApartheid is a not novel phenomenon. Countries in Africa are in hurdles trying to access COVID-19 vaccines, vaccinating 3% only of their population. While in richer countries (have higher vaccination rates) are worried about an unvaccinated animal! INSANE!
#VaccineEquity https://t.co/FOlmgHl7Qn"
188,1419723366261534722,2021-07-26 18:16:42,Muthaiga,"Because majority of African nations are poor ,the potential market for a COVID vaccine developed locally is not sufficiently feasible for huge drug manufacturers to invest billions in vaccines with no returns"
189,1419722207148658690,2021-07-26 18:12:06,"Nairobi, Kenya","Covid Vaccine Is Growing Less Effective, but Still Prevents Severe Disease: BioNTech ‚Äì Barron‚Äôs https://t.co/uM9ISMh7to https://t.co/npc6WZ0Zig"
190,1419720715792568329,2021-07-26 18:06:10,"Nairobi, Kenya",Radio host hospitalized with COVID-19 after skipping vaccine https://t.co/uXaIxgY4td https://t.co/DT2dyj0seX
191,1419697071553142786,2021-07-26 16:32:13,"Nairobi , Kenya","What information do you know about Covid-19 Vaccination? Where is/was your source of information? @BakeKenya @dw_akademie @EUinKenya
#Covid19ResponseInAfricaTFRI https://t.co/D3UMFeWK7z"
192,1419691621160038403,2021-07-26 16:10:33,"Rongai, Kenya",".@BAKEKenya is hosting a Twitter Space on critical topics around COVID-19 in Africa such as fake news and misinformation. Also, the team will talk about vaccination and spotlight some of the impactful solutions to mitigate the pandemic. #Covid19ResponseInAfricaTFRI https://t.co/vP24fry7sZ"
193,1419665056816680965,2021-07-26 14:25:00,"Nairobi, Kenya","The slow rollout of Covid-19 vaccination could slow Kenya‚Äôs economic recovery until 2024, a new report says. Only two in every 100 Kenyans have been vaccinated.
#Thisistheday https://t.co/PgQLbSllhw"
194,1419662540083138562,2021-07-26 14:15:00,"Nairobi, Kenya","The government of Tanzania has been boosted in its fight against coronavirus following the donation of 1, 058,400 Johnson &amp; Johnson‚Äôs Janssen ) vaccine from the government of the US. The consignment was delivered through COVAX in coordination with the African Union.
#Thisistheday https://t.co/okiB0ZzpPu"
195,1419653422979198980,2021-07-26 13:38:46,"Nairobi, Kenya","Seventy-three teachers have died of Covid-19 since the first case was reported, while another 454 have recovered, TSC has said. Chief executive Nancy Macharia confirmed that158,678 teachers have received at least the first vaccination jab. 
#Thisistheday"
196,1419651317308530688,2021-07-26 13:30:24,"Nairobi, Kenya","Covid-19 Vaccination notice:
We do not administer the Covid-19 vaccination outside our main hospital in Parklands. To book for a slot log onto our website on https://t.co/ejurucooi4 https://t.co/sM32YrznH2"
197,1419649174681829378,2021-07-26 13:21:53,"Nairobi, Kenya","Social media was awash with misinformation on Covid19 and vaccines throughout the early phase of this pandemic. But with time, only science has stood the test of time. The Covid19 viral disease is real. We must embrace current vaccines and scaleup vaccination #healthilliteracy https://t.co/AeF4NOjqJ7"
198,1419643493300019200,2021-07-26 12:59:19,"Nairobi, Kenya",Which hospitals in Nairobi are currently administering the 2nd COVID Vaccine‚Ä¶please help ü§ó
199,1419643327587127297,2021-07-26 12:58:39,Nairobi.,"Dear Kenyans, Please;
1. Wear Yours Masks
2. Sanitize as Much
3. Keep Your Social Distance
4. Stay Home if you no urgent errands.
5. Work from Home if you can.
6. Get the Vaccine if you have not yet gotten it. 

COVID-19 cases are on the increase. @MOH_Kenya"
200,1419642030045777933,2021-07-26 12:53:30,"Nairobi, Kenya","The game-changer is that one can distribute the [powder] vaccine extremely easily without the cold chain, and it can be administered without the need for healthcare providers https://t.co/4KzEvBKDIP"
201,1419633012019449860,2021-07-26 12:17:40,"Nairobi, Kenya","""It uses manufactured Covid-19 virus proteins (unlike Pfizer, Moderna and Astra Zeneca which use RNA or DNA that code for these proteins), and can withstand temperatures of up to 40C.""

It's the potential to eradicate cold chain for me üëèüèø https://t.co/38dIJYYruN"
202,1419622180367880198,2021-07-26 11:34:37,"Nairobi, Kenya","TSC boss Macharia says 73 teachers have died of COVID since 2020; 158,678 have received first vaccination jab. #Covid19KE https://t.co/J82YaKM8F9"
203,1419605597272502272,2021-07-26 10:28:44,"Nairobi, Kenya","Could Covid vaccine be taken as a pill?
 https://t.co/7cZkrU9zGa"
204,1419596528751161348,2021-07-26 09:52:41,"Nairobi, Kenya","Covid-19 Vaccine Development @MOH_Kenya  Task Force chair, Dr. Willis Akhwale, says Kenya will start receiving adequate doses of AstraZeneca vaccine, Pfizer and Johnson and Johnson vaccines from  next week.

#ThisIsKBC 

^CG https://t.co/lvoZJvpTyA"
205,1419582149213163521,2021-07-26 08:55:33,"Nairobi, Kenya.","TSC boss Macharia says 73 teachers have died of COVID since 2020; 158,678 have received first vaccination jab. #Covid19KE https://t.co/9KMcxaxVPr"
206,1419569256413470720,2021-07-26 08:04:19,Nairobi,Where are you getting the COVID vaccine from?
207,1419564998595158016,2021-07-26 07:47:24,"Nairobi, Kenya","""27.1 percent of teachers are fully vaccinated. We still have a big gap,"" Dr Willis Akhwale, Covid-19 Vaccine Development Task Force Chairperson. #TeacherPreparedness"
208,1419560680500252672,2021-07-26 07:30:15,"Nairobi, Kenya","Covid-19: Ministry data shows vaccine injustice
 https://t.co/gf26oOEnGK"
209,1419544902145351681,2021-07-26 06:27:33,"Nairobi, Kenya",Could Covid vaccine be taken as a¬†pill? https://t.co/SWq57Y8bWv
210,1419542233452326914,2021-07-26 06:16:56,Mbale ,Kindly Mr.Director @OfwonoOpondo  with all the problems making Ugandans not  sleep in the middle of a pandemic this is what you chose to see... You made me think the 20million vaccine doses consignment finally is in Ugandan space @SamsonKasumba @PatriqKanyomozi @IamApass https://t.co/oPZhfDcFTw
211,1419525386015318018,2021-07-26 05:10:00,Nairobi,"‚ÄúBut hospitalisation rates are four times lower. That's massive!‚Äù A four-fold improvement is brilliant, and I‚Äôm grateful to the vaccine scientists. But beware of linear thinking. 4-fold is two doublings. @ProfColinDavis
https://t.co/JefNgjTyis COVID-19
https://t.co/Fap07euym8"
212,1419519640443756545,2021-07-26 04:47:10,"Nairobi, Kenya","Kenya is all about connections. The private firm that imported Russian Covid Vaccine Sputnik V into KE intended to ship in 1million jabs &amp; resell them at a profit of 2500/jab.
A 2.5 billion profit. It had connections to a Saudi Royal. Not to Russian govt.

https://t.co/5tZcnvLdYE"
213,1419485828582105090,2021-07-26 02:32:48,"Nairobi, Kenya","Kenya will receive the first batch of 13 million COVID-19 vaccine shots from Johnson &amp; Johnson¬†(JNJ.N)¬†in August 2021. 

#ChanjoKwaWote"
214,1419485229799010305,2021-07-26 02:30:26,"Nairobi, Kenya",France approves restaurant COVID pass and vaccine rules https://t.co/0pEDl79HBy https://t.co/hAXCExjGsD
215,1419485160479727616,2021-07-26 02:30:09,"Nairobi, Kenya",Dr. David Agus on COVID vaccine booster shots and projection of deadly surge in October https://t.co/tQFm2RNSBz https://t.co/8faRkzd0pE
216,1419386153845805057,2021-07-25 19:56:44,"Nairobi, Kenya","Covid take-up is very slow in Kenya because of lack of proper communication and people lacking ""trust"" in the present regime ,from grassroots level to the national level, our people must be told the importance of vaccination against covid."
217,1419372001823690755,2021-07-25 19:00:30,"Kericho,kenya","If Covid vaccine is availed ,will you be vaccinated?"
218,1419350248175153158,2021-07-25 17:34:04,,"SINGLE dose of the Oxford/AstraZeneca Covid jab will keep nine out of ten people out of hospital and prevent seven out of ten cases, a study claims.
#AstraZeneca #GetVaccinatedNow
, @Gok #VaccinesWork @MOH_Kenya"
219,1419348594721755141,2021-07-25 17:27:29,Nairobi,"Wadau, where can one get the first dose of the #Covid_19 vaccine huku Kanairo?"
220,1419343253053263872,2021-07-25 17:06:16,"Nairobi, Kenya",Like  the covid vaccine is hiding in there. https://t.co/4VRJsIh4S2
221,1419342945061380096,2021-07-25 17:05:02,"Nairobi, Kenya","UK Minister Sorry For 'Poor Choice Of Word' Over Vaccine Policy  |  #COVID19 #News 

Read More https://t.co/NhNzwb8twO"
222,1419327210964627457,2021-07-25 16:02:31,"Nairobi, Kenya",A number of the Astrazeneca coronavirus vaccine doses donated by Denmark to Kenya are due to expire next week.
223,1419323833262161920,2021-07-25 15:49:06,Nairobi Kenya,Tanzania receives more than one million doses of the Johnson and Johnson coronavirus vaccine.
224,1419322893884968966,2021-07-25 15:45:22,"Nairobi, Kenya",Israel Says Pfizer COVID Vaccine is 39% Effective against Delta Variant - https://t.co/pCE26hJ3fX
225,1419312150519103491,2021-07-25 15:02:40,"Nairobi, Kenya",Study:New data from Israel confirms the possibility that the Pfizer coronavirus vaccine's protection is waning.
226,1419310543291260937,2021-07-25 14:56:17,"Nairobi, Kenya",I think the same family planning pills phobia kibaki was facing at that time is the same phobia currently with covid vaccine.civic education is key.. https://t.co/FDqYE71GxY
227,1419299342758907906,2021-07-25 14:11:47,"Nairobi, Kenya.",Can I sue the government for not providing the covid vaccine for me if I do get covid?
228,1419292756887982080,2021-07-25 13:45:37,"Nairobi, Kenya",Israel Says Pfizer COVID Vaccine is 39% Effective against Delta Variant - https://t.co/KRDRPqwD5R
229,1419272297551106048,2021-07-25 12:24:19,"Nairobi, Kenya","The U.S is donating at least 1,058,400 doses of the Johnson &amp; Johnson coronavirus vaccine to Tanzania."
230,1419261525831917572,2021-07-25 11:41:31,"Abuja, Nigeria","once you post anything covid or vaccine related, they just put up the link to the information center."
231,1419242787430612997,2021-07-25 10:27:03,NAIROBI,Is the Chinese Covid-19 vaccine diplomacy failing?  https://t.co/ga66yAKuJR
232,1419228636314574850,2021-07-25 09:30:49,"Nairobi, Kenya","This was the first time #CovidVaccine arrived in Kenya courtesy of Oxford-Astrazeneca arrived in Kenya. 
Kenyans who received the first shot of COVID-19 vaccine remain with questions if they will get the second shot? 

#VaccineEquity #Covid19KE https://t.co/dc0MEwyH3z"
233,1419224878214000641,2021-07-25 09:15:53,"Nairobi, Kenya","Don't get into arguments and sell the idea of vaccination #Covid_19
#antivaxxers https://t.co/5k8MFrdwNc"
234,1419189851774128132,2021-07-25 06:56:42,"Nairobi, Kenya","US gives Tanzania over 1m Covid-19 vaccine doses

The government plans to vaccinate at least 60 percent of all Tanzanians

https://t.co/0GmJCfOmCG https://t.co/TEQJ88ZlG3"
235,1419186651771846656,2021-07-25 06:43:59,Nairobi,With millions of money that kenyatta family has...cant they buy kenyans even 10 million doses of covid vaccine ??....i wish i was rich ningenunulia ata watu  1M iyo vaccine for Free! God bless kenya.@OleItumbi @ahmednasirlaw @WilliamsRuto @MigunaMiguna @kipmurkomen
236,1419183143400181760,2021-07-25 06:30:03,Nairobi,"US gives Tanzania over 1m Covid-19 vaccine doses

The government plans to vaccinate at least 60 percent of all Tanzanians

https://t.co/8n1wvIhRxP https://t.co/stbcmgyYEO"
237,1419155003520978945,2021-07-25 04:38:14,"Nairobi, Kenya",Which covid-19 vaccine is the most widely accepted for international travel? | The Economist https://t.co/Q2c9KhsIPN
238,1419130369132138500,2021-07-25 03:00:20,"Nairobi, Kenya","TANZANIA has received 1 million doses of the J&amp;J/Janssen COVID-19 vaccine from the US government. 

This marks another phase of President Samia Suluhu embracing the WHO-recommended strategies for fighting the virus. Her predecessor John Magufuli was against vaccines. #TV47News https://t.co/aJR384Oah3"
239,1419012921468850179,2021-07-24 19:13:39,"Nairobi, Kenya","Tons of Covid-19 vaccines has expired in the stores, while covid cases &amp; risk of 3rd wave remains high, simply due to lack of public awareness on vaccine importance &amp; uptake! Mastering the ABC of health leadership is momentous before becoming a minister! @AbikarDr @WHOSom @EU"
240,1419010022378381313,2021-07-24 19:02:07,"Nairobi, Kenya",Alexandra Shipp Says Sean Penn Saving Lives with COVID Vaccination Demand https://t.co/pVk4TBCS9V https://t.co/P8bUcxZIhU
241,1418998986162253828,2021-07-24 18:18:16,Nairobi Kenya,Tanzania receives 1 million Janssen Covid vaccine from¬†US https://t.co/LbC08gLHeL
242,1418998098819420165,2021-07-24 18:14:45,"Nairobi, Kenya","UK's current coronavirus Situation :
Cases Reported : 5,637,975
Deaths: 129,044
Recovered: 4,434,939
Active Cases : 1,073,992
Tests Done: 237,814,221
Vaccine Doses Administered : 83,239,491"
243,1418990765099917315,2021-07-24 17:45:36,"Nairobi, Kenya",The U.S. will soon start administration of covid-19 vaccine third dose due waning immunity and new stronger variants.
244,1418970767795032073,2021-07-24 16:26:08,"Nairobi, Kenya",Alexandra Shipp Says Sean Penn Saving Lives with COVID Vaccination Demand ‚Äì TMZ https://t.co/ObIA2cB2zS https://t.co/SHkmYsKJW6
245,1418957175611969538,2021-07-24 15:32:08,"Nairobi, Kenya",Where can I get @pfizer  Covid-19 Vaccine in Kenya?
246,1418942058287489025,2021-07-24 14:32:04,Nairobi,"#Tanzania‚Äôs health minister Dr Dorothy Gwajima on Friday said the country is set to start vaccinations against Covid-19. She shared the government's preliminary vaccination plan, stating that it plans to vaccinate 60 percent of all #Tanzanians. https://t.co/BzcdO31f3w"
247,1418939855522996231,2021-07-24 14:23:18,"Nairobi, Kenya",Less than half of population in 16 states received at least one dose of COVID vaccine https://t.co/LMG6IcChbA https://t.co/VhPSW8hjDA
248,1418930297610153997,2021-07-24 13:45:20,"Nairobi, Kenya",European Union regulator okayed Moderna COVID-19 vaccine for 12- to 17-year-olds - https://t.co/loi9Wc3oaP
249,1418930239548297235,2021-07-24 13:45:06,"Nairobi, Kenya",Uganda struggling to buy Covid-19 vaccine but can spend millions to buy vehicles for MPs - https://t.co/sx8WSlRD8o
250,1418927698185969669,2021-07-24 13:35:00,"Nairobi, Kenya",European Union regulator okayed Moderna COVID-19 vaccine for 12- to 17-year-olds. https://t.co/oipXqwIQ9h #modernavaccine https://t.co/hw9dkeyqYJ
251,1418924099917725700,2021-07-24 13:20:42,"Nairobi, Kenya","The European Union main drug regulator has authorized the use of Moderna‚Äôs COVID vaccine for children age 12 and older

The vaccine was created by @KizzyPhD a black woman from Boston, Massachusetts who Trump never heard of üá∫üá∏"
252,1418922879631175687,2021-07-24 13:15:51,"Nairobi, Kenya",Uganda struggling to buy Covid-19 vaccine but can spend millions to buy vehicles for MPs. https://t.co/tdovxRL3eL #Covid_19 #VACCINE https://t.co/SmnrvWmgFK
253,1418895065724903433,2021-07-24 11:25:20,"Nairobi, Kenya","$US buys 200M more doses of $Pfizer / #BioNTech COVID-19 vaccine. Total supplied = 500M doses. Total administered = 208M doses. New cases 81,732 Fri

There could be a need for a second dose to cover more mutations. 

#Covid19 #DeltaVariant https://t.co/HEJibhXvM1"
254,1418884832105541643,2021-07-24 10:44:40,"Nairobi, Kenya","My good friends @ElsieMunyao and @mutisomathew took the Covid Vaccine yesterday. 

Am just laughing my ass off,  they can angusha mzinga ya Gin comfortably lakini side effects za Vaccine mtu ana taka kulia. 

üòÇüòÇüòÇüòÇüòÇ"
255,1418880353310330883,2021-07-24 10:26:52,"Nairobi, Kenya","Should I get the COVID-19 vaccine while pregnant or breastfeeding? Experts explain the safety, evidence and clinical trials, and the answer is YES!! https://t.co/dvNpBlZBJF via @ConversationCA"
256,1418873205729681408,2021-07-24 09:58:28,"Nairobi, Kenya","To develop cancer vaccines, mRNA researchers will have to solve the thorny problem of teaching the immune system to distinguish between specific tumors and healthy cells. mRNA will make inventing vaccines and drugs a bit more like creating software. https://t.co/aDR1WlqgOo"
257,1418868631086243841,2021-07-24 09:40:17,Nairobi,I need the full pic more that the COVID vaccine https://t.co/X1XB2mSK8G
258,1418859821101682690,2021-07-24 09:05:17,"Nairobi, Kenya","This morning,i read 3 articles on #Covid-19, 2 in @NEJM,1 in @cleveland clinic journal of medicine, The emphasis is on Mass vaccination and 10pm curfew has no scientific bearing and appears no where in the articles. #MasculinitySaturday"
259,1418844509677494280,2021-07-24 08:04:26,"Nairobi, Kenya",Covid-19: Bharat Biotech cancels $320-million vaccine supply contract with Brazil‚Äôs Precisa Medicamentos https://t.co/G9wmlOoCQQ https://t.co/pqeuDTTLt0
260,1418844452211265541,2021-07-24 08:04:12,"Nairobi, Kenya","Covid-19 vaccine: Results of Covaxin trials on children to be out by September, says AIIMS chief https://t.co/pNkt5YgtCw https://t.co/7HFfLZBi7C"
261,1418840232301060100,2021-07-24 07:47:26,"PARKLANDS, NAIROBI","The staff of the hospital in Montelimar, in the French department of Drome, have gone on indefinite strike to protest the new rules demanding they take a vaccine against Covid-19 by mid-September or face losing their jobs."
262,1418818096106704901,2021-07-24 06:19:29,"Nairobi, Kenya","United States buys 200 mln more doses of Pfizer/BioNTech COVID-19 vaccine
https://t.co/nX1CjO1Dup"
263,1418807394189074434,2021-07-24 05:36:57,"Nairobi, Kenya",To take the vaccine or not to?? Why are vaccines so important especially the Covid-19 vaccine? I bring you this analysis tonight. @KTNNewsKE https://t.co/HDExpiE0B0
264,1418785213669416969,2021-07-24 04:08:49,"Nairobi, Kenya",Most people have mild or no side effects after taking a Covid 19 Vaccine @WHO #ustawiinitiative #komeshacoronaokoamaisha #nairobikenya #Covid19 #komeshacorona #kenya #covid19vacccine #nairobikenya https://t.co/fSlWyYs3zO
265,1418782418056712192,2021-07-24 03:57:42,"Nairobi, Kenya","Players and staff at Premier League clubs face compulsory vaccination against COVID-19 as part of government plans to keep football going in the event of the UK being forced into a lockdown
Fans will also require a COVID-19 pass to attend matches from October 1
(The Athletic) https://t.co/bXs8I443aT"
266,1418781776084938756,2021-07-24 03:55:09,"Nairobi, Kenya","WHO, UNDP launch dashboard to address vaccine inequity https://t.co/fU0NczptxM"
267,1418768326231216131,2021-07-24 03:01:43,"PARKLANDS, NAIROBI","The mutation of Coronavirus to communism characterized by forced vaccination and violation of individual rights, and liberty. https://t.co/QldrlPLQUn"
268,1418739122768809984,2021-07-24 01:05:40,"Nairobi, Kenya",Vikings assistant coach Rick Dennison quits over COVID-19 vaccine https://t.co/AnSooXKZcM https://t.co/oEfWUZ1rTq
269,1418733829703966723,2021-07-24 00:44:38,"Nairobi, Kenya",Vikings Coach Rick Dennison Reportedly Loses Job After Refusing COVID Vaccine https://t.co/kjJz6uqglB https://t.co/I9uFepjjAi
270,1418690084778516480,2021-07-23 21:50:48,"Narok, Kenya","Each citizen is entitled to authentic vaccination against COVID-19. Journalist to report facts beyond the press releases from government or other agencies. @vicbwire
@Martowachira @OliverMathenge
@David_Indeje
@rinachandran @sikenye @Rrajab @claudiansono @RuthNesoba @NBrygettes https://t.co/FR79AasTGX"
271,1418667788806230024,2021-07-23 20:22:13,"Nairobi, Kenya",Spacing Pfizer COVID jabs boosts antibody levels: UK study https://t.co/jIEYdc641I https://t.co/H5OQj3yG62
272,1418667767293562880,2021-07-23 20:22:07,"Nairobi, Kenya",EU regulator endorses use of Moderna‚Äôs COVID-19 shot for children https://t.co/qrHJm91faR https://t.co/KSp6wslq9B
273,1418665680484843521,2021-07-23 20:13:50,"Nairobi, Kenya","I just lost a close friend to COVID-19 and it sucks like hell because our government doesn't have a solid plan on vaccination.

He was just 26 years old and had his whole life ahead of him üò¢üò¢üò¢ How do I move forward?? 

#ChanjoKwaWote"
274,1418649561724248068,2021-07-23 19:09:47,"Nairobi, Kenya","More than 5 million Americans have missed the 2nd dose of their Pfizer or Moderna vaccines.
#COVID19
#VACCINE
#PfizerVaccine
 https://t.co/2mFeBYPO7t"
275,1418648728924266500,2021-07-23 19:06:28,"Vihiga, Kenya","Next week, I expect the president to set out to us a list of what we've achieved in the 42 day lockdown with regards to the fight against covid-19; I'd love to know how much capacity we've built: number of hospital beds, vaccine doses, oxygen plants and cylinders, PPE, etc."
276,1418635407575724036,2021-07-23 18:13:32,"Nairobi, Kenya","France's current coronavirus Situation :
Cases Reported : 5,933,510
Deaths: 111,565
Recovered: 5,669,083
Active Cases : 152,862
Tests Done: 99,605,085
Vaccine Doses Administered : 67,227,181"
277,1418630290575183885,2021-07-23 17:53:12,"Nairobi, Kenya",Study:Pfizer‚Äôs Covid-19 vaccine is far less effective at preventing infection and symptomatic illness with the Delta variant. The study shows that it's only 39% effective.  Pfizer is proposing booster jabs due to what it calls waning immunity.
278,1418621998188486657,2021-07-23 17:20:15,"Nairobi, Kenya",Low vaccination rates and Delta variant fuel COVID-19 surge in U.S. https://t.co/GzmbD2qKj0 https://t.co/NNnTapzq1R
279,1418602195432312844,2021-07-23 16:01:34,"Nairobi, Kenya","The second dose of COVID-19 Vaccine is now available at our vaccination centre, RFH Specialist Hospital.

You are welcome!

#Covid19Vaccination https://t.co/YjLexDpemn"
280,1418598021198143493,2021-07-23 15:44:59,nairobi,"Tweet from CNN (@CNN) CNN (@CNN) Tweeted:
An unvaccinated nursing instructor in Missouri has been hospitalized with Covid-19. She's now urging everyone to get the vaccine. https://t.co/U0TxVJ0E2Q https://t.co/Oz53ywrdYO"
281,1418570472179048451,2021-07-23 13:55:30,Nairobi,Full the West not us. 3500deaths in over 18 months and covid-19 missing out top 10 killer disease in Kenya should guide you on who needs  vaccination most a d who doesn't need it. https://t.co/rp2NWz6HSt
282,1418566588601602050,2021-07-23 13:40:05,"Nairobi, Kenya",COVID-19 VACCINATION UPDATE https://t.co/1OixkXVY19
283,1418550578385391619,2021-07-23 12:36:27,"Nairobi, Kenya",The COVID vaccine market is worth at least $150 billion. Can we stop it being flooded with fakes? https://t.co/cqC7Y4iUVp via @wef
284,1418544266087960578,2021-07-23 12:11:22,"Nairobi, Kenya","A doc friend of mine, along with his wife a doc also, got infected with Covid though they were fully vaccinated. The infection was mild.

Point is, the vaccine doesn‚Äôt stop the infection, it greatly minimizes the adverse effects.   üòè"
285,1418542852381057027,2021-07-23 12:05:45,"Kisumu, Kenya","Did you know that since COVID-19 came, there have been a total of 188 vaccine candidates developed. Out of these, only 8 have been approved for use...
#MESHABootCamp https://t.co/pfd5ZxrUyO"
286,1418533009880502274,2021-07-23 11:26:39,nairobi,"There's more #COVID19  infection and death cases in Kenya than what @MOH_Kenya are reporting. People should take precaution. Hizi Nne ndio usalama wetu 1. face mask up, 2. social distance, 3. sanitizing and 4. vaccine."
287,1418523325731688449,2021-07-23 10:48:10,"Nairobi, Kenya","Kenya: Covid-19 Vaccination Certificates Available From Chanjo Platform, PS Mochache Says - https://t.co/Qy2LSguoqh"
288,1418519339758759938,2021-07-23 10:32:20,"Nairobi, Kenya","#Breakingkenyanews    Covid vaccination certificates available from Chanjo platform, PS Mochache says https://t.co/fJlGi0Eihp"
289,1418512059575283713,2021-07-23 10:03:24,"Nairobi, Kenya","""Scott Morrison apologises for not meeting COVID-19 vaccine rollout targets""

#VaccineEquity  https://t.co/6d7WAJCaLK"
290,1418504823071195136,2021-07-23 09:34:39,"Nairobi, Kenya",Vaccine inequality is hurting Kenya's poor and the rest of Africa. Where are the Covid 19 vaccines @MOH_Kenya?
291,1418504806470234112,2021-07-23 09:34:35,"Nairobi, Kenya","Many people thought it wasn't a Matter of concern when Muhammad Yunus et al campaigned for declaration of Covid 19 vaccine as a public good at the onset of the pandemic. Ayear later , the result of not paying attention to such cries and advocacy is devastating. Africa is in a fix https://t.co/6JxeZdKFoy"
292,1418496459981328386,2021-07-23 09:01:25,"Kajiado, Kenya",Read more on TB and COVID19 on https://t.co/wQzQiDBwvZ  travel less stay home and wear your mask always .go for vaccine and test.join us and support us to fight this pandemic  @RefCEA @led_kenya @SAIBI2001 @RefugeeRiso @TransSupportCBO @alarm_phone https://t.co/EQRmHAmGnE
293,1418495852251844611,2021-07-23 08:59:00,Nairobi,".@IHSMarkit meanwhile, has warned that tourism revenues in sub‚ÄìSaharan Africa will not return to pre‚Äìpandemic levels until 2025/2026 @Africa_Conf 
https://t.co/oXgzHl4KQG 

MAY-2020 Tourism I believe it is stopped out through Q4 2021 [even with a Vaccine] https://t.co/mxnCj63JOj"
294,1418495197403656192,2021-07-23 08:56:24,Nairobi-Kenya,"#Happening now

Press Briefing on #Covid-19 vaccine hesitancy in #Africa: The Case of Ghana

To Join
Join Zoom Meeting
https://t.co/Bo6mZgcys3

Meeting ID: 981 8220 9887
Passcode: 044647"
295,1418495021762764804,2021-07-23 08:55:42,"Nairobi, Kenya","Vaccine deserts: The poor nations trailing in the fight against Covid-19
 https://t.co/QLLgo8G9rn"
296,1418492039008817154,2021-07-23 08:43:51,"Nairobi, Kenya","This is not the first time questions have been raised about the efficacy of the vaccine, which was given a greenlight by the @WHO in May and is being used in more than 50 countries, many of which seized upon it when other vaccines were tough to come by.#China #Sinopharm #COVID19 https://t.co/nLVoWubUvc"
297,1418488877258625024,2021-07-23 08:31:17,NAIROBI,Spacing Pfizer COVID shots boosts antibody levels after initial drop -study https://t.co/aupiGcKKZm https://t.co/sjB3nlgDw8
298,1418481042588065796,2021-07-23 08:00:09,"Nairobi, Kenya",Study: A longer gap (at least 8 weeks )between the first and second dose of the Pfizer coronavirus vaccine leads to higher overall antibody levels than a shorter https://t.co/KisCaLVdrg however says it's vaccine has shown waning immunity proposing booster jabs.
299,1418466545693511681,2021-07-23 07:02:32,Nairobi-Kenya,"Press Briefing on #Covid-19 vaccine hesitancy in #Africa: The Case of #Ghana

üóìÔ∏è 23rd ,Jul, 2021
‚è∞11:00 AM Nairobi (9:00 am GMT)

Join Zoom Meeting
https://t.co/5c6Bcy8MXz
Meeting ID: 981 8220 9887
Passcode:  044647

@michaelghead 
@K_Atengble 
@CIRUsoton 
@EDGEclinical https://t.co/P6r1UKTVOg"
300,1418455881319174144,2021-07-23 06:20:10,"Nairobi, Kenya",Where can I get my first dose of COVID-19 vaccination? https://t.co/7tekgQE90i
301,1418449419205283841,2021-07-23 05:54:29,"Siaya, Kenya","Some 13,777 most at risk persons have received the 1st dose of the Oxford/AstraZeneca vaccine against COVID-19 in Siaya with 7,461 having received the 2nd dose. The vaccines are now available to all members of the public at The Siaya Referral Hospital &amp; all Sub-County Hospitals https://t.co/SUrl9RCQSy"
302,1418447489351536646,2021-07-23 05:46:49,"Kisumu, Kenya",One of the reasons for the COVID-19 Vaccine hesitancy is the speed with which they have been developed. There is an explanation #MESHABootCamp https://t.co/YFrqS2UXxI
303,1418446046863282182,2021-07-23 05:41:05,Nairobi,"""Can I take  the first  COVID -19 vaccine dose from a particular vaccine  and the second dose from a different vaccine?  #COVID19FrequentlyAskedQuestions #KomeshaCorona https://t.co/y5uvWY0Ah6"
304,1418442118159294466,2021-07-23 05:25:29,Nairobi Kenya ,"With U.S. COVID Jabs Now Landing in Africa, Vaccine Rivalry With China Likely to Intensify
https://t.co/6wthLAdZcS"
305,1418433692599562242,2021-07-23 04:52:00,Nairobi,"Certainly, Vaccine has mitigated Mortality but lets see for how long because in a hyperconnected World just about everyone has to be vaccinated for the World to reach Herd Immunity COVID-19
https://t.co/Fap07euym8

(1-1/6)/0.85 = 98% of population 

https://t.co/LSuKcnGICs"
306,1418421546176196613,2021-07-23 04:03:44,"Nairobi, Kenya","Spacing Pfizer COVID shots boosts antibody levels after initial drop -study
https://t.co/VJy4CMQIl5"
307,1418413692752908288,2021-07-23 03:32:31,"Nairobi, Kenya","The US is ‚Äúat another pivotal moment in this pandemic‚Äù as rising #COVID19 cases show no signs of abating, driven by Delta variant, and some hospitals are filling up, especially in areas with low vaccination rates, government officials warned on Thursday

https://t.co/kpfuEujSX7"
308,1418381374822756352,2021-07-23 01:24:06,"Nairobi, Kenya",Should People Who Took The Covid-19 Vaccine Start Wearing Masks Again? - https://t.co/XEKf3wgVJK
309,1418315216455147521,2021-07-22 21:01:13,"Nairobi, Kenya","Africa needs more COVID-19 vaccines than ever before.

Thabani Maphosa, the Managing Director of Country Programmes at Gavi, the Vaccine Alliance, has narrated how he lost his grandmother on July 6, 2021, after she contracted #COVID19.

#successafrika #coronavirus https://t.co/a4otzcrAhh"
310,1418297607122821125,2021-07-22 19:51:14,"Nanyuki, Kenya",Joho is the only politician who is for opening of country economy by mass vaccination against covid-19. Wise wisdom in play https://t.co/JaNw9cCdTv
311,1418280893945454594,2021-07-22 18:44:50,"Nairobi, Kenya","Israel's current coronavirus Situation :

Cases Reported : 856,827
Deaths: 6,457
Recovered: 840,628
Active Cases: 9,742
Tests Done : 16,058,930
Vaccine Doses Administered :11,022,374"
312,1418275957006381056,2021-07-22 18:25:13,Nairobi,"Kenya's Medical Research:

President Uhuru Kenyatta says lack of proper infrastructure weakened Kenya's efforts to find a Covid vaccine.

Uhuru made the remarks during the launch of Kenya's first Malaria rapid diagnostics kit in Kilifi.

#NTVTonight @SmritiVidyarthi @NginaKirori https://t.co/5RFVPjj6EW"
313,1418275848340267010,2021-07-22 18:24:47,"Nairobi, Kenya","KEMRI Moderna study:

KEMRI studying effectiveness of Moderna vaccine in adults over 40 years. Study to find efficacy of vaccine in preventing symptomatic COVID-19.

South Africa to start producing the Pfizer/BioNTech COVID-19 vaccine #Tonight https://t.co/AfH1vbEzyT"
314,1418274607686201344,2021-07-22 18:19:51,Nairobi,The uptake of the covid-19 vaccine in the 13 lake region counties is wanting. this is despite cases of infections escalating. the situation has been attributed to misconceptions about the jab from residents. @kutv_kenya #PrimeTimeNews @Komondi_Otieno https://t.co/DmBLYp8HYa
315,1418252492035477506,2021-07-22 16:51:58,Nairobi ,"Pfizer/BioNTech Strike South Africa COVID-19 Manufacturing Deal With Biovac. @CrimeScribesKE 
https://t.co/gXzKhoZRdn"
316,1418243036543438849,2021-07-22 16:14:24,"Nairobi, Kenya","Uganda's government has given its 529 MPs Ush 200 million (approx Ksh. 6.1 million) each, despite seeking loans to fund Covid-19 vaccination process.

#amerix junet Moses Kuria President Uhuru Kenyatta Nanyuki #NadiaMukami  Meru Itumbi  Maddison Smith Rowe University of Nairobi https://t.co/AmrktAu49F"
317,1418239284604280832,2021-07-22 15:59:29,"Nairobi, Kenya",The African Union will ship 6 million doses of the Johnson &amp; Johnson one-dose COVID-19 vaccine next week. This is the first shipment of doses available to countries for purchase through the African Vaccine Acquisition Trust. https://t.co/jM2RpqIhex
318,1418232421506551810,2021-07-22 15:32:13,"Nairobi, Kenya",We locked the world to search for COVID19 vaccine but now we are about to open it and leave Africa battling the pandemic because millions remain unvaccinated.
319,1418221866997600271,2021-07-22 14:50:17,"Nairobi, Kenya","Ugandan State House confirms hundreds of Ugandans got water for COVID-19 vaccine
https://t.co/8U7cSxhNpx"
320,1418218729041657857,2021-07-22 14:37:48,"Nairobi, Kenya","Strange how developed countries are still lending Africa development money instead of insisting on vaccination first. Or is it that since its a loan, they do not care? #vaccination #COVID19"
321,1418210309211181058,2021-07-22 14:04:21,Kisumu,He should care about reviving economy and covid vaccination first than bbi https://t.co/QTpCpJXpfU
322,1418203176671465480,2021-07-22 13:36:00,"Nairobi, Kenya","Africa to start receiving 400M J&amp;J COVID-19 vaccine doses next week
https://t.co/lUwHKRW21D https://t.co/z7jQ7H02KC"
323,1418185016555843586,2021-07-22 12:23:51,"Nairobi, Kenya","Vaccine Inequity: CNN's Larry Madowo narrates how he lost 3 relatives to Covid-19

https://t.co/Dv1g8btEOC"
324,1418182587386843141,2021-07-22 12:14:12,"Nairobi, Kenya",And covid-19 vaccine https://t.co/AifyyGnRpi
325,1418179037969670150,2021-07-22 12:00:05,"Nairobi, Kenia","""EU countries have so far donated just a tiny portion of excess COVID-19 vaccines to poor nations, mostly AstraZeneca shots, less than 3% of the 160 million doses they plan to give away in total to help tame the global pandemic."" #VaccinEquity https://t.co/wtpjMjtEwM"
326,1418170956607107072,2021-07-22 11:27:59,Nairobi.,Pfizer Inc and BioNTech SE on Wednesday said they had struck a deal for South Africa‚Äôs Biovac Institute to process and distribute over 100 million doses a year of their COVID-19 vaccines.
327,1418170000809017346,2021-07-22 11:24:11,"Nairobi, Kenya",Where can I get Covid-19 vaccination data disaggregated by county? @MOH_Kenya @DrAhmedKalebi @daktari1
328,1418163767494512641,2021-07-22 10:59:25,"Nairobi, Kenya","Since the roll-out of the COVID 19 vaccine, the question of whether or not it impacts fertility has stood out. These are genuine concerns but the line is drawn when this is twisted into misinformation. https://t.co/AHED2wmHqA"
329,1418155131296681987,2021-07-22 10:25:06,"Nairobi, Kenya","With chaotic scenes in hospitals and vaccination centers across the country,¬†the president late Wednesday put the military in charge of the pandemic response. #Tunisia #COVID19 https://t.co/XkDEnlGzc5"
330,1418147179907190791,2021-07-22 09:53:30,"Nairobi, Kenya",#Africa to start receiving first batch of 400 mln #COVID19 vaccine doses from J&amp;J next week-@_AfricanUnion's special envoy (via @reuters)
331,1418145055169290241,2021-07-22 09:45:03,Nairobi,Experts confirm Ugandans got water for Covid-19 vaccine https://t.co/5aKzgaERbt https://t.co/jljdDN6vDf
332,1418143275173785600,2021-07-22 09:37:59,Nairobi,"‚ú¶ [ #Wanavokali ]

Vaccination against covid-19

https://t.co/TzkvQ9Z9ow"
333,1418137797542694912,2021-07-22 09:16:13,"Nairobi, Kenya","Two doses of #PfizerVaccine or #AstraZeneca‚Äôs #COVID19 #vaccine are nearly as effective against the highly transmissible #DeltaVariant as they are against the previously dominant #Alphavariant, a study published on Wednesday showed. https://t.co/sY5mj7TPTf"
334,1418136766868037633,2021-07-22 09:12:07,Nairobi,"World: Floods ravaging China and Germany.

African: Even if you have the Covid-19 Vaccine nature will still humble you.

üôÜ‚Äç‚ôÇÔ∏èüòéüòéüòéüòé"
335,1418136545559732224,2021-07-22 09:11:14,"Nairobi, Kenya",The Dominican Republic‚Äôs President Luis Abinader received a third Covid vaccine dose and urged the population of the tourism-reliant Caribbean nation to follow his example. https://t.co/CqCdVcGJBU
336,1418136499737042946,2021-07-22 09:11:03,"Nairobi, Kenya",UK‚Äôs ¬£120m vaccine network ignored Covid-like virus threat https://t.co/7qpB9G5uVA  @MTatalovic @WHO
337,1418135896738705409,2021-07-22 09:08:40,"Nairobi, Kenya","Ethiopia has included refugees in its national Covid-19 vaccination plans.

Because of this generosity, refugees are not staying silent!

https://t.co/4VaHekbHbx"
338,1418132905281396736,2021-07-22 08:56:46,Nairobi,"Dominican Republic president gets third Covid jab: Santo Domingo (AFP), Jul 22 - The Dominican Republic's President Luis Abinader received a third Covid vaccine dose on Wednesday and urged the populat.. https://t.co/a2Z6AxxQxk"
339,1418112950154448896,2021-07-22 07:37:29,"Nairobi, Kenya",Pharmaceutical companies #Pfizer and #BioNTech have signed an agreement to manufacture the Pfizer-BioNTech #COVID19 #vaccine in South Africa for distribution in Africa. https://t.co/HQ1M1EuQvY
340,1418110253082759169,2021-07-22 07:26:46,"Nairobi, Kenya",Pfizer and BioNTech Announce Collaboration With Biovac to Manufacture and Distribute COVID-19 Vaccine Doses Within Africa | pfpfizeruscom https://t.co/QVCI8Q9Cn6  #Africa #VaccinEquity
341,1418110225601769473,2021-07-22 07:26:39,Nairobi,#Tanzania among countries to receive Covid vaccines from the #Netherlands https://t.co/dR3l428rHx via @TheCitizenTZ
342,1418108245592268801,2021-07-22 07:18:47,"Nairobi, Kenya",Covid vaccination for children: Is it safe ? https://t.co/FpWTgsVZfz https://t.co/KYaB1o5294
343,1418106116748320768,2021-07-22 07:10:20,Nairobi,"Ugandans got water shots instead of Covid-19 vaccine, statehouse confirms
https://t.co/2uMB5hAwgR"
344,1418089783419719681,2021-07-22 06:05:25,"Nyalenda B Ward ,Kisumu City ","400+ Covid Survivors, Academics, and Advocacy Groups Push Boris Johnson to Back Vaccine Patent Waiver

https://t.co/fjeaY4k9It via @commondreams"
345,1418086743178452992,2021-07-22 05:53:21,"Kasarani, Kenya","The Budget for Covid Vaccine is only 2.5bn but 105.8bn shs was given to Mps to buy for themselves brand new cars, Someone should fix uganda."
